name	fastq1	fastq2
CRE6_non_sorted	../SB_tagmentation_mapping/Data/Raw/Mathias_test/E2226_CRE6_fastq/7212_95_CRE6_non_sorted_1_Fw_AAGAGGCA-CTCCTTAC_S110_R1_001.fastq.gz	../SB_tagmentation_mapping/Data/Raw/Mathias_test/E2226_CRE6_fastq/7212_95_CRE6_non_sorted_1_Fw_AAGAGGCA-CTCCTTAC_S110_R2_001.fastq.gz
CRE6_non_sorted	../SB_tagmentation_mapping/Data/Raw/Mathias_test/E2226_CRE6_fastq/7212_96_CRE6_non_sorted_2_Fw_GTAGAGGA-CTCCTTAC_S111_R1_001.fastq.gz	../SB_tagmentation_mapping/Data/Raw/Mathias_test/E2226_CRE6_fastq/7212_96_CRE6_non_sorted_2_Fw_GTAGAGGA-CTCCTTAC_S111_R2_001.fastq.gz
CRE6_non_sorted	../SB_tagmentation_mapping/Data/Raw/Mathias_test/E2226_CRE6_fastq/7212_97_CRE6_non_sorted_3_Fw_GCTCATGA-CTCCTTAC_S112_R1_001.fastq.gz	../SB_tagmentation_mapping/Data/Raw/Mathias_test/E2226_CRE6_fastq/7212_97_CRE6_non_sorted_3_Fw_GCTCATGA-CTCCTTAC_S112_R2_001.fastq.gz
CRE6_non_sorted	../SB_tagmentation_mapping/Data/Raw/Mathias_test/E2226_CRE6_fastq/7212_98_CRE6_non_sorted_4_Fw_ATCTCAGG-CTCCTTAC_S113_R1_001.fastq.gz	../SB_tagmentation_mapping/Data/Raw/Mathias_test/E2226_CRE6_fastq/7212_98_CRE6_non_sorted_4_Fw_ATCTCAGG-CTCCTTAC_S113_R2_001.fastq.gz
CRE6_non_sorted	../SB_tagmentation_mapping/Data/Raw/Mathias_test/E2226_CRE6_fastq/7212_99_CRE6_non_sorted_5_Fw_ACTCGCTA-CTCCTTAC_S114_R1_001.fastq.gz	../SB_tagmentation_mapping/Data/Raw/Mathias_test/E2226_CRE6_fastq/7212_99_CRE6_non_sorted_5_Fw_ACTCGCTA-CTCCTTAC_S114_R2_001.fastq.gz
CRE6_non_sorted	../SB_tagmentation_mapping/Data/Raw/Mathias_test/E2226_CRE6_fastq/7212_100_CRE6_non_sorted_6_Fw_GGAGCTAC-CTCCTTAC_S115_R1_001.fastq.gz	../SB_tagmentation_mapping/Data/Raw/Mathias_test/E2226_CRE6_fastq/7212_100_CRE6_non_sorted_6_Fw_GGAGCTAC-CTCCTTAC_S115_R2_001.fastq.gz
CRE6_non_sorted	../SB_tagmentation_mapping/Data/Raw/Mathias_test/E2226_CRE6_fastq/7212_101_CRE6_non_sorted_7_Fw_GCGTAGTA-CTCCTTAC_S116_R1_001.fastq.gz	../SB_tagmentation_mapping/Data/Raw/Mathias_test/E2226_CRE6_fastq/7212_101_CRE6_non_sorted_7_Fw_GCGTAGTA-CTCCTTAC_S116_R2_001.fastq.gz
CRE6_non_sorted	../SB_tagmentation_mapping/Data/Raw/Mathias_test/E2226_CRE6_fastq/7212_102_CRE6_non_sorted_8_Fw_CGGAGCCT-CTCCTTAC_S117_R1_001.fastq.gz	../SB_tagmentation_mapping/Data/Raw/Mathias_test/E2226_CRE6_fastq/7212_102_CRE6_non_sorted_8_Fw_CGGAGCCT-CTCCTTAC_S117_R2_001.fastq.gz
CRE6_non_sorted	../SB_tagmentation_mapping/Data/Raw/Mathias_test/E2226_CRE6_fastq/7212_103_CRE6_non_sorted_9_Fw_TACGCTGC-CTCCTTAC_S118_R1_001.fastq.gz	../SB_tagmentation_mapping/Data/Raw/Mathias_test/E2226_CRE6_fastq/7212_103_CRE6_non_sorted_9_Fw_TACGCTGC-CTCCTTAC_S118_R2_001.fastq.gz
CRE6_non_sorted	../SB_tagmentation_mapping/Data/Raw/Mathias_test/E2226_CRE6_fastq/7212_104_CRE6_non_sorted_10_Fw_ATGCGCAG-CTCCTTAC_S119_R1_001.fastq.gz	../SB_tagmentation_mapping/Data/Raw/Mathias_test/E2226_CRE6_fastq/7212_104_CRE6_non_sorted_10_Fw_ATGCGCAG-CTCCTTAC_S119_R2_001.fastq.gz
CRE6_non_sorted	../SB_tagmentation_mapping/Data/Raw/Mathias_test/E2226_CRE6_fastq/7212_219_CRE6_non_sorted_1_Rv_AAGAGGCA-ACTCTAGG_S189_R1_001.fastq.gz	../SB_tagmentation_mapping/Data/Raw/Mathias_test/E2226_CRE6_fastq/7212_219_CRE6_non_sorted_1_Rv_AAGAGGCA-ACTCTAGG_S189_R2_001.fastq.gz
CRE6_non_sorted	../SB_tagmentation_mapping/Data/Raw/Mathias_test/E2226_CRE6_fastq/7212_220_CRE6_non_sorted_2_Rv_GTAGAGGA-ACTCTAGG_S226_R1_001.fastq.gz	../SB_tagmentation_mapping/Data/Raw/Mathias_test/E2226_CRE6_fastq/7212_220_CRE6_non_sorted_2_Rv_GTAGAGGA-ACTCTAGG_S226_R2_001.fastq.gz
CRE6_non_sorted	../SB_tagmentation_mapping/Data/Raw/Mathias_test/E2226_CRE6_fastq/7212_221_CRE6_non_sorted_3_Rv_GCTCATGA-ACTCTAGG_S228_R1_001.fastq.gz	../SB_tagmentation_mapping/Data/Raw/Mathias_test/E2226_CRE6_fastq/7212_221_CRE6_non_sorted_3_Rv_GCTCATGA-ACTCTAGG_S228_R2_001.fastq.gz
CRE6_non_sorted	../SB_tagmentation_mapping/Data/Raw/Mathias_test/E2226_CRE6_fastq/7212_222_CRE6_non_sorted_4_Rv_ATCTCAGG-ACTCTAGG_S227_R1_001.fastq.gz	../SB_tagmentation_mapping/Data/Raw/Mathias_test/E2226_CRE6_fastq/7212_222_CRE6_non_sorted_4_Rv_ATCTCAGG-ACTCTAGG_S227_R2_001.fastq.gz
CRE6_non_sorted	../SB_tagmentation_mapping/Data/Raw/Mathias_test/E2226_CRE6_fastq/7212_223_CRE6_non_sorted_5_Rv_ACTCGCTA-ACTCTAGG_S197_R1_001.fastq.gz	../SB_tagmentation_mapping/Data/Raw/Mathias_test/E2226_CRE6_fastq/7212_223_CRE6_non_sorted_5_Rv_ACTCGCTA-ACTCTAGG_S197_R2_001.fastq.gz
CRE6_non_sorted	../SB_tagmentation_mapping/Data/Raw/Mathias_test/E2226_CRE6_fastq/7212_224_CRE6_non_sorted_6_Rv_GGAGCTAC-ACTCTAGG_S225_R1_001.fastq.gz	../SB_tagmentation_mapping/Data/Raw/Mathias_test/E2226_CRE6_fastq/7212_224_CRE6_non_sorted_6_Rv_GGAGCTAC-ACTCTAGG_S225_R2_001.fastq.gz
CRE6_non_sorted	../SB_tagmentation_mapping/Data/Raw/Mathias_test/E2226_CRE6_fastq/7212_225_CRE6_non_sorted_7_Rv_GCGTAGTA-ACTCTAGG_S232_R1_001.fastq.gz	../SB_tagmentation_mapping/Data/Raw/Mathias_test/E2226_CRE6_fastq/7212_225_CRE6_non_sorted_7_Rv_GCGTAGTA-ACTCTAGG_S232_R2_001.fastq.gz
CRE6_non_sorted	../SB_tagmentation_mapping/Data/Raw/Mathias_test/E2226_CRE6_fastq/7212_226_CRE6_non_sorted_8_Rv_CGGAGCCT-ACTCTAGG_S233_R1_001.fastq.gz	../SB_tagmentation_mapping/Data/Raw/Mathias_test/E2226_CRE6_fastq/7212_226_CRE6_non_sorted_8_Rv_CGGAGCCT-ACTCTAGG_S233_R2_001.fastq.gz
CRE6_non_sorted	../SB_tagmentation_mapping/Data/Raw/Mathias_test/E2226_CRE6_fastq/7212_227_CRE6_non_sorted_9_Rv_TACGCTGC-ACTCTAGG_S205_R1_001.fastq.gz	../SB_tagmentation_mapping/Data/Raw/Mathias_test/E2226_CRE6_fastq/7212_227_CRE6_non_sorted_9_Rv_TACGCTGC-ACTCTAGG_S205_R2_001.fastq.gz
CRE6_non_sorted	../SB_tagmentation_mapping/Data/Raw/Mathias_test/E2226_CRE6_fastq/7212_228_CRE6_non_sorted_10_Rv_ATGCGCAG-ACTCTAGG_S231_R1_001.fastq.gz	../SB_tagmentation_mapping/Data/Raw/Mathias_test/E2226_CRE6_fastq/7212_228_CRE6_non_sorted_10_Rv_ATGCGCAG-ACTCTAGG_S231_R2_001.fastq.gz
